trainingID,location,training_date,name
100,Crowne Plaza Jerusalem,02-08-22,Literature training
101,St. Andrew’s Guesthouse,24-05-25,New year conference
102,Ramada Jerusalem Hotel,07-10-24,New year conference
103,King David Hotel,09-09-23,New year conference
104,Dan Panorama Jerusalem,17-02-32,Purim conference
105,Mamilla Hotel,13-12-32,English training
106,Jerusalem Gardens Hotel,21-05-33,Passover conference
107,Prima Kings Hotel,01-08-25,Shavuot conference
108,Hansen House,16-09-29,Shavuot conference
109,Notre Dame of Jerusalem Center,22-05-20,Computer training
110,Ritz Hotel Jerusalem,21-07-31,Purim conference
111,Hansen House,28-05-20,Fall training
112,Jerusalem Cinematheque,09-04-31,Purim conference
113,Shalom Hartman Institute,04-03-31,New year conference
114,The Post Hostel,26-11-27,Physics training
115,Orient Jerusalem,25-03-25,Literature training
116,Inbal Jerusalem Hotel,15-10-28,Shavuot conference
117,Paamonim Hotel Jerusalem,02-10-22,Arabic training
118,Notre Dame of Jerusalem Center,08-01-30,Passover conference
119,St. Andrew’s Guesthouse,18-11-30,Mathematics training
120,Hansen House,04-12-32,Biology training
121,American Colony Hotel,14-05-20,Fall training
122,Mount Scopus Hotel,16-11-25,Science training
123,Mount Scopus Hotel,02-07-20,Biology training
124,St. Andrew’s Guesthouse,22-07-28,End of year conference
125,Shalom Hartman Institute,27-09-24,English training
126,Inbal Jerusalem Hotel,30-05-21,Passover conference
127,Legacy Hotel Jerusalem,08-11-33,Summer training
128,Mount Scopus Hotel,27-08-33,Hanukkah conference
129,Khan Theatre,13-09-32,Chemistry training
130,Crowne Plaza Jerusalem,17-05-25,Mid-semester conference
131,Van Leer Institute,12-08-23,End of year conference
132,Jerusalem Gardens Hotel,21-12-30,New year conference
133,Ramada Jerusalem Hotel,13-08-31,Physics training
134,Mount Zion Hotel,20-07-23,Spring training
135,Van Leer Institute,05-05-25,End of year conference
136,Jerusalem Hotel,26-04-26,English training
137,Prima Kings Hotel,28-07-33,Sukkot conference
138,Paamonim Hotel Jerusalem,05-03-32,Art training
139,Legacy Hotel Jerusalem,30-11-32,Purim conference
140,Jerusalem Gardens Hotel,01-05-30,Science training
141,Inbal Jerusalem Hotel,13-10-29,Intermediate training
142,Hansen House,25-01-25,New year conference
143,Mount Scopus Hotel,06-05-31,Passover conference
144,Mamilla Hotel,14-10-21,New year conference
145,Dan Panorama Jerusalem,01-11-20,Summer training
146,Inbal Jerusalem Hotel,03-03-33,English training
147,Eldan Hotel,24-03-28,Spring training
148,Dan Panorama Jerusalem,06-05-28,English training
149,Waldorf Astoria Jerusalem,18-04-20,Hebrew training
150,Mount Scopus Hotel,17-04-29,Shavuot conference
151,Legacy Hotel Jerusalem,02-05-26,Mid-semester conference
152,Mamilla Hotel,20-10-24,Sukkot conference
153,Mount Scopus Hotel,10-03-30,Intermediate training
154,Dan Boutique Jerusalem,19-03-23,Summer training
155,Jerusalem Hotel,30-04-24,Computer training
156,Jerusalem Hotel,15-01-20,Literature training
157,The Post Hostel,11-12-29,Spring training
158,Dan Panorama Jerusalem,13-02-24,Sukkot conference
159,Van Leer Institute,01-03-33,Chemistry training
160,Paamonim Hotel Jerusalem,18-01-27,Arabic training
161,Notre Dame of Jerusalem Center,27-04-29,Shavuot conference
162,American Colony Hotel,01-04-23,Physics training
163,American Colony Hotel,22-10-22,Sukkot conference
164,St. Andrew’s Guesthouse,18-12-27,Spring training
165,Crowne Plaza Jerusalem,22-01-29,Purim conference
166,Dan Boutique Jerusalem,06-12-33,Hanukkah conference
167,Prima Kings Hotel,07-03-27,Computer training
168,Paamonim Hotel Jerusalem,12-08-23,English training
169,Dan Boutique Jerusalem,24-10-22,Physics training
170,Mamilla Hotel,20-10-31,English training
171,Mount Scopus Hotel,12-03-23,Art training
172,Ramada Jerusalem Hotel,28-07-23,Biology training
173,Prima Kings Hotel,02-03-27,End of year conference
174,Crowne Plaza Jerusalem,21-04-27,Hanukkah conference
175,National Hotel Jerusalem,17-04-24,Chemistry training
176,Dan Panorama Jerusalem,22-02-25,Intermediate training
177,The Hebrew University,09-12-31,Winter training
178,Jerusalem Hotel,05-09-23,Passover conference
179,The Hebrew University,08-07-21,Physics training
180,The Post Hostel,13-04-20,Chemistry training
181,Hansen House,19-04-32,Intermediate training
182,Hansen House,22-08-21,Intermediate training
183,Dan Panorama Jerusalem,14-11-23,Art training
184,Mount Zion Hotel,28-01-27,Mid-semester conference
185,Paamonim Hotel Jerusalem,05-02-29,Arabic training
186,Jerusalem Gardens Hotel,08-01-28,Hanukkah conference
187,Aish HaTorah Center,25-04-24,Passover conference
188,Orient Jerusalem,13-12-24,Physics training
189,Mount Zion Hotel,09-12-25,Fall training
190,Ramada Jerusalem Hotel,28-07-31,Literature training
191,Ritz Hotel Jerusalem,19-03-31,Shavuot conference
192,Crowne Plaza Jerusalem,08-12-20,English training
193,Prima Park Hotel,15-10-29,Literature training
194,Hansen House,26-10-26,Arabic training
195,Ritz Hotel Jerusalem,06-12-23,Hebrew training
196,Jerusalem Cinematheque,31-10-24,Passover conference
197,American Colony Hotel,21-11-31,Mid-semester conference
198,Harmony Hotel,10-05-28,Biology training
199,Crowne Plaza Jerusalem,17-01-33,End of year conference
200,ICC Jerusalem,05-10-22,Computer training
201,ICC Jerusalem,19-05-33,Hebrew training
202,Harmony Hotel,27-03-29,Winter training
203,Shalom Hartman Institute,25-09-31,English training
204,Hansen House,12-10-30,Biology training
205,Waldorf Astoria Jerusalem,31-05-30,Holocaust Day
206,St. Andrew’s Guesthouse,05-12-24,Purim conference
207,Waldorf Astoria Jerusalem,16-02-26,English training
208,Ritz Hotel Jerusalem,28-02-33,Hebrew training
209,Eldan Hotel,20-12-25,Winter training
210,Waldorf Astoria Jerusalem,12-02-26,Summer training
211,Prima Park Hotel,16-10-32,Mathematics training
212,Jerusalem Cinematheque,20-07-29,Shavuot conference
213,Crowne Plaza Jerusalem,06-04-32,Hebrew training
214,Khan Theatre,05-05-33,Winter training
215,Waldorf Astoria Jerusalem,02-09-31,Chemistry training
216,Dan Boutique Jerusalem,26-06-27,Sukkot conference
217,Dan Panorama Jerusalem,09-08-27,Sukkot conference
218,Prima Park Hotel,20-12-24,Hanukkah conference
219,Prima Kings Hotel,12-06-28,New year conference
220,Notre Dame of Jerusalem Center,30-06-25,Science training
221,Notre Dame of Jerusalem Center,09-03-29,New year conference
222,Eldan Hotel,30-08-20,Winter training
223,Khan Theatre,19-09-33,Winter training
224,The Post Hostel,10-08-32,Literature training
225,Khan Theatre,01-11-28,Purim conference
226,Jerusalem Hotel,20-01-23,Purim conference
227,Prima Park Hotel,05-05-21,Science training
228,Shalom Hartman Institute,06-07-31,Sukkot conference
229,Dan Boutique Jerusalem,17-04-33,Computer training
230,Waldorf Astoria Jerusalem,30-08-32,Passover conference
231,Van Leer Institute,04-01-24,Passover conference
232,King David Hotel,13-05-23,Fall training
233,Inbal Jerusalem Hotel,26-03-28,Arabic training
234,Ramada Jerusalem Hotel,01-07-24,Biology training
235,Waldorf Astoria Jerusalem,24-08-26,Summer training
236,Jerusalem Gardens Hotel,29-07-22,Purim conference
237,Van Leer Institute,03-09-28,New year conference
238,Paamonim Hotel Jerusalem,10-05-27,English training
239,Van Leer Institute,21-09-33,Passover conference
240,Prima Park Hotel,10-01-22,Spring training
241,Orient Jerusalem,09-07-29,Winter training
242,Mamilla Hotel,17-09-27,Literature training
243,Paamonim Hotel Jerusalem,06-05-27,Art training
244,King David Hotel,10-02-27,Biology training
245,Inbal Jerusalem Hotel,06-03-27,New year conference
246,Khan Theatre,08-01-32,End of year conference
247,Orient Jerusalem,21-06-25,Shavuot conference
248,YMCA Three Arches Hotel,26-09-20,Spring training
249,Prima Kings Hotel,14-10-23,New year conference
250,Shalom Hartman Institute,27-10-22,Summer training
251,Beit Shmuel,20-10-26,Fall training
252,Beit Shmuel,05-02-27,New year conference
253,Aish HaTorah Center,10-03-22,New year conference
254,Waldorf Astoria Jerusalem,14-11-25,Mid-semester conference
255,King David Hotel,02-05-24,Purim conference
256,Notre Dame of Jerusalem Center,26-12-20,Summer training
257,Ritz Hotel Jerusalem,02-11-21,Mid-semester conference
258,Inbal Jerusalem Hotel,26-12-24,Chemistry training
259,American Colony Hotel,15-11-24,Winter training
260,Ritz Hotel Jerusalem,16-02-24,Passover conference
261,Waldorf Astoria Jerusalem,20-04-28,Computer training
262,Mamilla Hotel,13-01-26,Arabic training
263,King David Hotel,19-06-33,Art training
264,The Hebrew University,15-10-27,Fall training
265,Inbal Jerusalem Hotel,29-06-20,Passover conference
266,Jerusalem Cinematheque,29-12-23,Physics training
267,Hansen House,06-02-32,Sukkot conference
268,American Colony Hotel,08-12-32,Art training
269,Dan Boutique Jerusalem,14-08-23,Science training
270,Notre Dame of Jerusalem Center,15-12-30,Mid-semester conference
271,National Hotel Jerusalem,09-07-22,Hebrew training
272,Prima Park Hotel,09-09-28,Literature training
273,Legacy Hotel Jerusalem,28-09-31,Sukkot conference
274,YMCA Three Arches Hotel,03-02-33,Art training
275,Prima Kings Hotel,01-06-28,Intermediate training
276,Ramada Jerusalem Hotel,18-01-31,Mid-semester conference
277,Eldan Hotel,24-07-22,Physics training
278,Jerusalem Hotel,01-12-31,Chemistry training
279,Crowne Plaza Jerusalem,28-12-29,Physics training
280,Waldorf Astoria Jerusalem,25-02-27,Mid-semester conference
281,The Hebrew University,30-11-23,Biology training
282,Legacy Hotel Jerusalem,29-01-28,Computer training
283,Harmony Hotel,24-12-22,Shavuot conference
284,Orient Jerusalem,22-02-29,Arabic training
285,Ritz Hotel Jerusalem,09-11-30,Chemistry training
286,Mount Scopus Hotel,10-12-21,English training
287,ICC Jerusalem,22-02-31,Fall training
288,Mount Zion Hotel,04-04-20,Summer training
289,Shalom Hartman Institute,15-06-21,Shavuot conference
290,Legacy Hotel Jerusalem,10-10-31,End of year conference
291,King David Hotel,23-12-26,Mid-semester conference
292,American Colony Hotel,26-03-24,Sukkot conference
293,Eldan Hotel,05-10-26,Mathematics training
294,Dan Boutique Jerusalem,23-07-29,Passover conference
295,The Post Hostel,22-11-31,Art training
296,Mamilla Hotel,24-07-28,Computer training
297,YMCA Three Arches Hotel,17-10-31,Spring training
298,Paamonim Hotel Jerusalem,10-06-33,English training
299,Aish HaTorah Center,17-08-31,Purim conference
300,Khan Theatre,08-02-24,Biology training
301,Notre Dame of Jerusalem Center,15-01-22,Mid-semester conference
302,Crowne Plaza Jerusalem,10-06-20,Summer training
303,King David Hotel,13-09-26,Intermediate training
304,Dan Panorama Jerusalem,16-01-34,Spring training
305,Orient Jerusalem,17-02-28,Sukkot conference
306,Mamilla Hotel,11-11-27,Shavuot conference
307,The Hebrew University,11-05-30,Hanukkah conference
308,Mount Scopus Hotel,09-04-27,Hebrew training
309,Inbal Jerusalem Hotel,13-04-26,Biology training
310,Prima Park Hotel,03-05-29,English training
311,Mamilla Hotel,27-10-21,New year conference
312,Mamilla Hotel,16-07-21,Summer training
313,Waldorf Astoria Jerusalem,08-11-22,Physics training
314,Ramada Jerusalem Hotel,29-10-28,Hanukkah conference
315,Legacy Hotel Jerusalem,10-01-34,Mathematics training
316,Beit Shmuel,04-03-29,Mathematics training
317,Crowne Plaza Jerusalem,18-04-30,Sukkot conference
318,Mamilla Hotel,26-01-30,Shavuot conference
319,Van Leer Institute,01-04-31,Art training
320,Ritz Hotel Jerusalem,16-03-30,Intermediate training
321,King David Hotel,22-05-21,New year conference
322,Hansen House,02-03-20,Science training
323,Legacy Hotel Jerusalem,11-10-30,Mid-semester conference
324,Jerusalem Hotel,20-05-32,Fall training
325,Ramada Jerusalem Hotel,26-08-29,Sukkot conference
326,Harmony Hotel,16-02-30,Summer training
327,Notre Dame of Jerusalem Center,28-05-33,Intermediate training
328,Dan Panorama Jerusalem,24-12-30,English training
329,ICC Jerusalem,30-03-24,New year conference
330,Mamilla Hotel,20-08-21,Purim conference
331,Jerusalem Gardens Hotel,04-06-32,Mid-semester conference
332,Hansen House,26-11-29,Mid-semester conference
333,Jerusalem Gardens Hotel,20-09-33,Hanukkah conference
334,Ritz Hotel Jerusalem,22-03-27,End of year conference
335,Shalom Hartman Institute,10-07-30,Arabic training
336,St. Andrew’s Guesthouse,25-04-30,Arabic training
337,National Hotel Jerusalem,21-06-31,Sukkot conference
338,Prima Park Hotel,04-05-32,Mid-semester conference
339,Dan Panorama Jerusalem,21-05-27,Shavuot conference
340,Prima Kings Hotel,16-02-27,Chemistry training
341,Khan Theatre,16-12-24,New year conference
342,Ramada Jerusalem Hotel,30-09-22,Passover conference
343,Ramada Jerusalem Hotel,05-05-23,Literature training
344,Beit Shmuel,11-02-25,Mathematics training
345,Inbal Jerusalem Hotel,21-01-32,Hebrew training
346,Notre Dame of Jerusalem Center,19-09-20,Biology training
347,Ritz Hotel Jerusalem,20-10-22,Mid-semester conference
348,Mount Scopus Hotel,28-03-28,Mathematics training
349,Paamonim Hotel Jerusalem,19-08-29,Sukkot conference
350,YMCA Three Arches Hotel,04-11-28,Physics training
351,Beit Shmuel,21-01-26,Computer training
352,YMCA Three Arches Hotel,21-06-27,Summer training
353,Aish HaTorah Center,26-11-31,Hebrew training
354,Notre Dame of Jerusalem Center,05-07-25,Spring training
355,Prima Kings Hotel,01-02-30,Holocaust Day
356,Jerusalem Hotel,26-03-25,Art training
357,Prima Park Hotel,22-12-32,Science training
358,Aish HaTorah Center,26-03-24,Summer training
359,YMCA Three Arches Hotel,28-09-32,End of year conference
360,Paamonim Hotel Jerusalem,30-10-21,Chemistry training
361,Harmony Hotel,10-07-32,Biology training
362,Paamonim Hotel Jerusalem,17-01-20,Art training
363,Waldorf Astoria Jerusalem,01-01-26,Arabic training
364,Eldan Hotel,18-10-30,Summer training
365,Ritz Hotel Jerusalem,13-02-33,English training
366,Prima Kings Hotel,09-11-28,Holocaust Day
367,YMCA Three Arches Hotel,21-12-32,Art training
368,Ramada Jerusalem Hotel,13-11-26,Holocaust Day
369,Hansen House,16-09-22,Art training
370,Aish HaTorah Center,22-09-24,English training
371,Jerusalem Hotel,15-09-31,Sukkot conference
372,The Hebrew University,11-06-21,Sukkot conference
373,Mount Zion Hotel,08-11-28,Hanukkah conference
374,Inbal Jerusalem Hotel,21-05-20,Hanukkah conference
375,Mamilla Hotel,25-02-26,Hebrew training
376,American Colony Hotel,23-10-25,Mid-semester conference
377,Mount Scopus Hotel,03-12-24,Science training
378,Jerusalem Cinematheque,29-08-24,English training
379,Prima Park Hotel,14-03-26,Passover conference
380,King David Hotel,22-01-34,Chemistry training
381,Jerusalem Cinematheque,16-07-26,Mathematics training
382,Khan Theatre,14-03-29,Physics training
383,Dan Boutique Jerusalem,26-10-23,Arabic training
384,Jerusalem Gardens Hotel,23-03-22,Spring training
385,YMCA Three Arches Hotel,11-01-21,Hebrew training
386,Crowne Plaza Jerusalem,25-02-28,Computer training
387,ICC Jerusalem,30-04-30,Passover conference
388,ICC Jerusalem,05-07-23,Spring training
389,The Post Hostel,22-11-26,New year conference
390,King David Hotel,21-09-33,Physics training
391,Jerusalem Gardens Hotel,08-03-28,Physics training
392,Jerusalem Gardens Hotel,14-07-21,Purim conference
393,Mamilla Hotel,29-04-29,Sukkot conference
394,Hansen House,06-03-31,Intermediate training
395,Dan Panorama Jerusalem,18-03-26,Computer training
396,Mount Scopus Hotel,26-10-22,End of year conference
397,Waldorf Astoria Jerusalem,11-06-22,Mathematics training
398,YMCA Three Arches Hotel,19-07-30,Physics training
399,Shalom Hartman Institute,07-10-29,Purim conference
400,Crowne Plaza Jerusalem,29-04-29,Art training
401,The Post Hostel,05-07-27,Hebrew training
402,Mount Zion Hotel,05-08-21,Intermediate training
403,Inbal Jerusalem Hotel,19-10-26,Arabic training
404,Mamilla Hotel,09-08-32,Holocaust Day
405,Mount Scopus Hotel,02-05-22,Shavuot conference
406,American Colony Hotel,21-06-28,Mid-semester conference
407,Ritz Hotel Jerusalem,06-10-28,Hebrew training
408,Orient Jerusalem,01-12-29,Spring training
409,Waldorf Astoria Jerusalem,25-03-28,Passover conference
410,Van Leer Institute,13-10-21,Sukkot conference
411,American Colony Hotel,08-06-24,Arabic training
412,Aish HaTorah Center,10-03-20,Science training
413,Waldorf Astoria Jerusalem,13-09-28,Fall training
414,Jerusalem Gardens Hotel,20-03-21,New year conference
415,Notre Dame of Jerusalem Center,28-11-31,Biology training
416,Jerusalem Hotel,06-02-29,Spring training
417,Harmony Hotel,29-07-26,Computer training
418,Legacy Hotel Jerusalem,30-11-25,Literature training
419,Dan Panorama Jerusalem,24-06-30,Sukkot conference
420,Inbal Jerusalem Hotel,11-09-24,Spring training
421,Van Leer Institute,12-08-33,Biology training
422,ICC Jerusalem,30-06-21,Computer training
423,Harmony Hotel,14-02-33,English training
424,Khan Theatre,20-12-32,Fall training
425,Crowne Plaza Jerusalem,28-01-27,Computer training
426,The Post Hostel,03-03-29,Holocaust Day
427,Jerusalem Cinematheque,05-09-23,Hebrew training
428,Ramada Jerusalem Hotel,29-08-21,Intermediate training
429,Khan Theatre,30-12-29,Intermediate training
430,Orient Jerusalem,29-08-31,Literature training
431,Inbal Jerusalem Hotel,19-04-22,Purim conference
432,Jerusalem Hotel,08-07-20,Winter training
433,Waldorf Astoria Jerusalem,23-10-24,Biology training
434,Harmony Hotel,14-03-27,Physics training
435,Beit Shmuel,10-01-27,Sukkot conference
436,Dan Boutique Jerusalem,04-09-24,Mid-semester conference
437,Inbal Jerusalem Hotel,28-09-26,Science training
438,Notre Dame of Jerusalem Center,20-04-22,End of year conference
439,Mount Scopus Hotel,01-12-30,Hanukkah conference
440,YMCA Three Arches Hotel,19-12-32,English training
441,Ramada Jerusalem Hotel,15-09-29,Holocaust Day
442,Beit Shmuel,09-06-33,Intermediate training
443,Van Leer Institute,29-03-25,Intermediate training
444,Aish HaTorah Center,03-03-30,Science training
445,Paamonim Hotel Jerusalem,13-03-30,Mid-semester conference
446,Legacy Hotel Jerusalem,11-10-23,Passover conference
447,Prima Kings Hotel,08-03-32,Shavuot conference
448,Crowne Plaza Jerusalem,04-12-33,Mathematics training
449,Aish HaTorah Center,26-07-32,Fall training
450,Aish HaTorah Center,10-10-23,Hanukkah conference
451,Ritz Hotel Jerusalem,28-04-20,Purim conference
452,American Colony Hotel,08-10-24,Art training
453,St. Andrew’s Guesthouse,30-05-32,Shavuot conference
454,Ritz Hotel Jerusalem,23-01-27,New year conference
455,Van Leer Institute,15-10-33,Spring training
456,Jerusalem Cinematheque,11-02-30,Biology training
457,Dan Panorama Jerusalem,23-12-24,Winter training
458,Hansen House,31-01-27,Art training
459,The Post Hostel,31-05-21,Hanukkah conference
460,Inbal Jerusalem Hotel,14-04-33,Passover conference
461,ICC Jerusalem,02-06-33,Mathematics training
462,Waldorf Astoria Jerusalem,12-04-28,Intermediate training
463,Notre Dame of Jerusalem Center,24-05-29,Chemistry training
464,Beit Shmuel,26-10-20,Hanukkah conference
465,The Post Hostel,15-04-27,Passover conference
466,Prima Park Hotel,14-03-21,Hanukkah conference
467,Jerusalem Gardens Hotel,29-10-27,Passover conference
468,Ritz Hotel Jerusalem,13-04-31,Spring training
469,Jerusalem Cinematheque,21-06-30,Mid-semester conference
470,National Hotel Jerusalem,11-03-29,Winter training
471,Orient Jerusalem,10-12-22,Hebrew training
472,Dan Panorama Jerusalem,03-12-21,Chemistry training
473,Waldorf Astoria Jerusalem,07-10-28,Summer training
474,Mamilla Hotel,20-10-33,English training
475,National Hotel Jerusalem,17-06-27,Winter training
476,Orient Jerusalem,19-01-24,New year conference
477,National Hotel Jerusalem,21-04-33,Sukkot conference
478,The Hebrew University,02-05-30,Sukkot conference
479,Crowne Plaza Jerusalem,30-10-20,Holocaust Day
480,Prima Park Hotel,01-04-20,Holocaust Day
481,Dan Boutique Jerusalem,27-12-29,Physics training
482,Harmony Hotel,08-05-22,Fall training
483,Ritz Hotel Jerusalem,06-01-30,Passover conference
484,Aish HaTorah Center,06-06-29,Hebrew training
485,YMCA Three Arches Hotel,28-06-31,Purim conference
486,Ramada Jerusalem Hotel,02-03-22,Fall training
487,Legacy Hotel Jerusalem,15-06-21,Science training
488,American Colony Hotel,23-09-32,Purim conference
489,King David Hotel,29-08-22,Hebrew training
490,Legacy Hotel Jerusalem,10-06-24,Mid-semester conference
491,Ritz Hotel Jerusalem,19-04-30,Mathematics training
492,Legacy Hotel Jerusalem,05-02-23,Passover conference
493,American Colony Hotel,19-10-22,Hebrew training
494,Jerusalem Gardens Hotel,14-08-29,Science training
495,American Colony Hotel,21-12-20,Shavuot conference
496,Paamonim Hotel Jerusalem,04-09-30,Arabic training
497,Van Leer Institute,20-11-22,Shavuot conference
498,Ritz Hotel Jerusalem,31-08-20,Mid-semester conference
499,Ritz Hotel Jerusalem,16-10-29,Mathematics training
