ID ,firstName ,lastName ,proffassion ,seniority ,gender,phone ,freeDay 
32200100,Ardine,Harpur,Chemistry,49,F,9963730341,5
32212213,Melicent,Morgan,Physics,9,F,3549368393,4
32224326,Sharyl,Goadbie,Physics,21,F,2394873808,2
32236439,Levon,Smelley,History,43,M,4699701142,4
32248552,Emerson,Probyn,Biology,13,M,2018303274,4
32260665,Lurline,Roux,History,16,F,6067872554,1
32272778,Bari,Tidbold,Math,32,F,5662063133,1
32284891,Randolf,Piwell,Math,14,M,5238311772,6
32297004,Jamie,Atkyns,Arabic,43,M,9652109079,6
32309117,Haleigh,Rusbridge,History,21,F,7452243530,5
32321230,Jeana,Jenton,English,35,F,7786471610,5
32333343,Emlen,Reffe,History,48,M,7216161693,2
32345456,Queenie,Couttes,English,52,F,3397257816,2
32357569,Ewen,Smerdon,Literature,43,M,4726741925,1
32369682,Maggie,Peers,English,21,F,1331601117,6
32381795,Sven,Gration,History,59,M,8346003457,5
32393908,Cal,Dugget,English,4,M,2268071073,1
32406021,Noellyn,Caghan,Chemistry,38,F,5373173658,6
32418134,Mickey,Linner,Literature,23,M,3335057951,1
32430247,Antony,Isson,English,35,M,1648334777,4
32442360,Catherina,Donnett,Hebrew,37,F,4356188466,2
32454473,Carey,Ilchenko,Math,38,M,4562752870,5
32466586,Andrea,Biesinger,Chemistry,1,M,1353628128,5
32478699,Hew,Thoumas,Biology,47,M,4371461641,4
32490812,Horace,De Brett,Hebrew,38,M,1034790286,2
32502925,Grant,Lynnett,Biology,17,M,4676096556,2
32515038,Ashley,Wraight,Biology,32,M,6997426796,5
32527151,Cello,Tyzack,Computer Science,13,M,5622632200,2
32539264,Torr,Andrivot,Hebrew,21,M,6143227951,5
32551377,Dorice,Gerrans,Hebrew,18,F,5032934301,4
32563490,Lebbie,Tweedell,History,58,F,2561107726,3
32575603,Karil,Linggood,Literature,57,F,2035093697,4
32587716,Conchita,Goadby,Arabic,43,F,7917182400,3
32599829,Noam,Stickins,Chemistry,8,M,4091634884,5
32611942,Clint,Henlon,Math,6,M,1821979278,2
32624055,Allyn,Fitzsymon,Physics,58,M,4051534984,2
32636168,Gayleen,Huntriss,Art,44,F,2208451299,5
32648281,Shelly,Featherstone,Math,70,F,8643063974,6
32660394,Bartholomew,Quickenden,Literature,21,M,7758957375,5
32672507,Andonis,Grishakov,Math,6,M,3303411028,5
32684620,Rancell,Pinney,History,63,M,7443103825,5
32696733,Wylma,Thomazin,Physics,61,F,3753076365,3
32708846,Kira,Wigan,Literature,38,F,1244972953,5
32720959,Norine,Chadburn,Arabic,48,F,5483646131,3
32733072,Osbert,Macvey,Arabic,45,M,1267874742,5
32745185,Viole,Noonan,Physics,1,F,5133957971,3
32757298,Dorie,Giannassi,Hebrew,34,M,4353758534,4
32769411,Ruthanne,Richfield,Art,40,F,8428499856,4
32781524,Zacharie,Willishire,History,51,M,3286490781,4
32793637,Milena,Spurling,Arabic,59,F,8666266524,3
32805750,Sadye,Gentle,English,39,F,6945740272,1
32817863,Kaila,Racher,English,34,F,1568796911,4
32829976,Rani,Remmers,Art,32,F,4016616254,1
32842089,Taylor,Stelljes,English,40,M,2412551006,4
32854202,Davon,Brierley,Biology,40,M,1983442002,4
32866315,Jordana,Cestard,Computer Science,40,F,1743478073,6
32878428,Alexis,McFayden,Arabic,50,M,9716157215,1
32890541,Brunhilde,Gregore,Physics,63,F,1488163766,5
32902654,Dale,McDaid,History,35,F,5342216090,6
32914767,Allyce,O'Noulane,Biology,48,F,4438818258,2
32926880,Si,Bullard,Biology,11,M,2207293224,1
32938993,Kirstin,Mildenhall,Chemistry,28,F,8833371418,1
32951106,Guthrie,Oakman,Literature,49,M,2667033435,6
32963219,Natala,Joy,Chemistry,36,F,8717833813,3
32975332,Flynn,Ponsford,Literature,45,M,1618671770,5
32987445,Fay,Igounet,Chemistry,16,F,4568331286,6
32999558,Camella,Coit,Literature,49,F,3301983483,6
33011671,Tobey,Row,Literature,64,F,2962852439,6
33023784,Xavier,Anan,English,27,M,8759323002,2
33035897,Gizela,Yarr,English,26,F,4661233120,3
33048010,Rebeca,Larrosa,Biology,49,F,2711732364,4
33060123,Anna-diana,Beardsell,Arabic,55,F,6575892657,3
33072236,Bethany,Itzkovwitch,Arabic,37,F,2855809935,4
33084349,Jay,Russ,English,29,M,5892069089,1
33096462,Marcelo,Greeson,Arabic,37,M,9638302533,2
33108575,Roxane,Simyson,Art,20,F,9871401410,1
33120688,Lewes,McGing,Math,14,M,8511807596,5
33132801,Niccolo,Hann,Hebrew,65,M,9868570782,4
33144914,Marilin,Hurich,Arabic,67,F,5053245444,5
33157027,Adams,Sea,Physics,11,M,8129045664,4
33169140,Federico,Oki,Biology,41,M,8109592815,4
33181253,Janot,Ussher,Art,69,F,3074634479,4
33193366,Michale,Alcide,Literature,35,M,4541671823,4
33205479,Jard,Glennard,English,30,M,5111667542,4
33217592,Haroun,Cawthry,English,24,M,2702244871,4
33229705,Olly,Kalderon,Chemistry,39,M,9153360120,3
33241818,Debby,Crudge,Literature,68,F,9024229298,2
33253931,Linoel,Jouandet,English,67,M,7703452552,3
33266044,Wynny,Gownge,Computer Science,6,F,4816309465,3
33278157,Kathye,Feasley,Computer Science,11,F,7996157688,3
33290270,Veronica,Antcliffe,Math,19,F,5808600614,5
33302383,Karlens,Cello,Biology,16,M,8011181946,6
33314496,Friederike,Mackilpatrick,Arabic,47,F,1701414407,5
33326609,Konrad,Burcombe,Math,23,M,1141620613,5
33338722,Stacia,Andino,Biology,9,F,4663955175,5
33350835,Magnum,Eastlake,Chemistry,64,M,8411370070,4
33362948,Laure,Pratchett,Arabic,9,F,6091180945,2
33375061,Gustavus,Jays,Computer Science,29,M,6407490006,3
33387174,Melanie,Boggon,Art,47,F,9377386986,3
33399287,Kennedy,Sollars,Literature,36,M,5757160430,3
33411400,Berrie,Maddison,Computer Science,21,F,4131711547,3
33423513,Coraline,Mosdall,Computer Science,15,F,5362162554,5
33435626,Stafford,McLane,Literature,15,M,6416713053,1
33447739,Zaneta,Redmain,Art,16,F,9112888146,3
33459852,Hillie,Shire,English,16,M,7941450382,6
33471965,Neils,Axleby,Chemistry,42,M,9316253705,2
33484078,Nessa,Albery,Hebrew,4,F,9662302597,6
33496191,Tremain,Edgecombe,Biology,64,M,8271153951,1
33508304,Bruce,Grabbam,Art,10,M,2263210843,4
33520417,Cicely,Pirolini,History,13,F,6095826128,5
33532530,Glenden,Faustin,English,63,M,4188497732,4
33544643,Kean,Hember,Computer Science,20,M,8285034388,5
33556756,Maisie,Furbank,Physics,29,F,7056737082,4
33568869,Celene,Sawers,Art,23,F,2259889858,3
33580982,Emmy,Halcro,Physics,37,F,4147747693,2
33593095,Alma,Hirtz,Art,15,F,9042438297,4
33605208,Lalo,MacTeague,History,58,M,7402133701,4
33617321,Martyn,McGeaney,Biology,69,M,9847001733,2
33629434,Elisabetta,Varrow,Arabic,49,F,4799945890,2
33641547,Ralina,Riggulsford,Computer Science,6,F,1782248933,4
33653660,Benson,Durant,Computer Science,29,M,7077208941,4
33665773,Cacilia,Dainton,Arabic,57,F,3084760949,5
33677886,Vincenty,Pancoast,Arabic,46,M,9552259468,4
33689999,Tull,Flight,Math,32,M,8748068258,6
33702112,Berte,Pitney,Literature,69,F,3796953264,4
33714225,Ianthe,Grima,Chemistry,48,F,1313222518,6
33726338,Freeland,Piele,Chemistry,49,M,2243505474,2
33738451,Jorgan,Mathers,History,69,M,7774035874,3
33750564,Koren,Aynold,Literature,4,F,5123552841,5
33762677,Doy,Hallagan,Literature,29,M,9977223145,3
33774790,Evania,Downie,Hebrew,64,F,6598938691,5
33786903,Kristin,Falconar,Hebrew,19,F,3572722111,5
33799016,Fee,Skep,Literature,60,M,2148380112,6
33811129,Nobe,De la Zenne,Arabic,3,M,6797661221,1
33823242,Baxie,Greenig,English,56,M,6442123458,4
33835355,Gladi,Poynor,English,34,F,8394529848,5
33847468,Giorgia,Wrotham,Chemistry,70,F,6734394434,5
33859581,Robin,Hourigan,Arabic,29,F,9384672013,3
33871694,Ollie,Jursch,Chemistry,59,M,3791827425,2
33883807,Kaylee,Greenham,Computer Science,58,F,2245562575,2
33895920,Giffer,Smaridge,History,17,M,9348788657,1
33908033,Witty,Gratrix,Biology,27,M,4187827897,2
33920146,Hunt,Pressnell,Biology,36,M,9593553941,1
33932259,Alisander,Reddan,Computer Science,42,M,5273187129,1
33944372,Hasheem,Lorans,English,37,M,8025295339,2
33956485,Juana,Challinor,Math,12,F,3379231787,2
33968598,Jacky,Bowles,Hebrew,37,F,4495271886,1
33980711,Tarrance,Proschek,Biology,6,M,6318450042,3
33992824,Roscoe,MacCart,History,9,M,1649247794,5
34004937,Margi,Beange,Biology,47,F,5319091464,4
34017050,Lammond,Leckenby,Physics,9,M,6241151696,1
34029163,Paige,Pol,Hebrew,65,F,4881079409,5
34041276,Korry,Notley,Arabic,56,F,9555434905,6
34053389,Mathias,Emblow,Literature,35,M,6728909263,2
34065502,Angelo,Glendzer,Hebrew,4,M,1865856753,1
34077615,Cordey,Breeton,Math,63,F,5963848932,4
34089728,Rey,Mulrooney,Chemistry,61,M,3827023938,3
34101841,Lenci,Wigsell,English,51,M,9486677739,2
34113954,Mariel,Briance,Chemistry,36,F,3844155169,6
34126067,Korie,Shellshear,History,46,F,4377644853,5
34138180,Norrie,Fallowes,Art,26,F,5846625908,6
34150293,Brennan,McKea,Literature,28,M,1499483934,1
34162406,Syman,Daborne,Art,63,M,1729497460,5
34174519,Brana,Brinkley,History,14,F,6963405626,3
34186632,Terra,Devonport,Arabic,32,F,9334212058,1
34198745,Sukey,Yuill,Biology,13,F,3035294857,1
34210858,Emmerich,Portal,Literature,53,M,8594679067,3
34222971,Peta,Bazoge,English,62,F,5888127647,3
34235084,Danit,Ivanov,Arabic,42,F,2596826405,1
34247197,Caprice,Stanlock,History,51,F,8394511182,3
34259310,Gabbey,O'Lynn,History,34,F,5107601007,5
34271423,Elsy,Plumbridge,Computer Science,6,F,9861290034,3
34283536,Rick,Rothschild,Arabic,34,M,8056393296,1
34295649,Correy,Masey,Math,25,M,6597608262,5
34307762,Vassili,Cowen,Chemistry,44,M,3469129250,1
34319875,Cletus,Gourlay,Physics,63,M,1227211085,4
34331988,Gabbey,Gipson,Chemistry,23,F,1812990267,2
34344101,Kenny,Robardley,Art,25,M,4092142442,5
34356214,Edith,Imlin,History,26,F,7566164763,6
34368327,Frazer,Warlawe,Arabic,35,M,2949760908,3
34380440,Lucienne,Langcastle,Math,8,F,2244978764,6
34392553,Laverna,Doonican,Hebrew,24,F,4975653345,5
34404666,Desi,Werrilow,Arabic,13,M,7624497162,5
34416779,Caril,Esmonde,Arabic,34,F,5286934461,4
34428892,Salomo,Sprigings,Biology,38,M,7117145967,5
34441005,Rubi,Couvert,Chemistry,47,F,4386996730,6
34453118,Kelli,De la Yglesia,Hebrew,17,F,9107147728,5
34465231,Ethelyn,Glayzer,Biology,62,F,6718996842,2
34477344,Emmett,McLaggan,Art,30,M,7876103942,1
34489457,Dillie,Battyll,Biology,65,M,4107879775,6
34501570,Thurston,Balfre,Physics,3,M,9218762061,4
34513683,Herculie,Gateley,Biology,63,M,3445539620,5
34525796,Baryram,Penas,Chemistry,9,M,7191805415,4
34537909,Annamaria,Gheeorghie,Hebrew,1,F,4842182639,3
34550022,Bondon,Cullnean,Literature,28,M,4826617738,4
34562135,Holly-anne,Tugman,Chemistry,20,F,2155600242,4
34574248,Clim,Pankettman,Art,7,M,8118578785,2
34586361,Gawen,Loosley,Math,65,M,6153857880,1
34598474,Berton,Rottgers,Math,1,M,3772888907,1
34610587,Tyrus,Summerlie,English,61,M,9171190668,4
34622700,Moses,Koopman,Biology,37,M,6487864524,6
34634813,Gretal,Stainburn,Physics,42,F,6314153282,1
34646926,Deeyn,Mokes,Hebrew,21,F,4701111492,4
34659039,Dorella,Megainey,Chemistry,54,F,7131542848,6
34671152,Tye,Loughrey,Hebrew,55,M,7575394005,1
34683265,Adi,Coger,Physics,28,F,5656424049,3
34695378,Joela,Bowler,English,70,F,6153024666,2
34707491,Emmanuel,Cockrem,History,11,M,3698659558,6
34719604,Nanni,Clash,Math,39,F,5428926657,1
34731717,Clayton,Cannop,Hebrew,43,M,4556368119,5
34743830,Brendin,Mosedill,Math,44,M,5569154092,4
34755943,Dion,Haquin,Biology,11,M,5391571506,2
34768056,Ranice,Rozea,Physics,17,F,4412419431,2
34780169,Aldous,Grogor,Literature,11,M,4026275733,2
34792282,Kelley,Jury,Math,8,F,4788022717,4
34804395,Craggy,Doyland,English,36,M,7573332503,2
34816508,Korey,Waldera,English,2,M,8567926360,4
34828621,Nonie,Sigsworth,Math,5,F,5144752870,3
34840734,Cord,Cattell,Chemistry,59,M,6571606282,4
34852847,Tatiania,Friar,Art,17,F,1132462738,6
34864960,Juliane,Velareal,Chemistry,57,F,7949223606,2
34877073,Lacee,Grier,Computer Science,59,F,7714399361,1
34889186,Gayle,Lytell,History,10,F,4459871585,4
34901299,Cam,Jerwood,Chemistry,58,M,6115415148,2
34913412,Letti,Bowhay,History,47,F,7675657438,1
34925525,Jeri,Grisenthwaite,Arabic,48,F,6973619556,5
34937638,Lindy,Brambell,Literature,41,M,6247249349,2
34949751,Lissie,Mattessen,Chemistry,64,F,3605214123,1
34961864,Billy,Spoure,Biology,31,M,1342336717,5
34973977,Rosella,Mundell,Literature,24,F,2499420365,4
34986090,Andy,Alderwick,Physics,47,M,1901892643,5
34998203,Guido,Phelipeau,History,37,M,7113721057,3
35010316,Dud,Luckett,Hebrew,37,M,6021801657,1
35022429,Dot,Skyme,Literature,27,F,3962479698,4
35034542,Maddie,Maccrae,Math,50,F,5186481303,2
35046655,Merrick,Pennock,Literature,22,M,5857995881,2
35058768,Dallas,Sarson,English,66,F,1161895131,6
35070881,Terry,Blease,Physics,5,F,3852490864,1
35082994,Salomi,Jerrold,Math,50,F,3055802845,3
35095107,Lyon,Parkyn,Biology,26,M,9841702760,6
35107220,Rosamund,Hebborne,Hebrew,52,F,2613231582,6
35119333,Dorian,Custed,Literature,16,M,8385419836,4
35131446,Troy,Laurisch,Art,37,M,3475654869,2
35143559,Alida,Sprules,Chemistry,62,F,7633933840,5
35155672,Marsiella,Heaford,Arabic,69,F,6493225725,6
35167785,Aurea,Conry,Biology,4,F,5039273955,3
35179898,Zandra,Poulglais,Biology,34,F,9907474285,1
35192011,Alvin,Seppey,History,23,M,3358450274,1
35204124,Rustin,Piola,Computer Science,46,M,7553809232,6
35216237,Tobye,Edelman,Chemistry,27,F,2051368167,2
35228350,Elmo,Dawber,Math,36,M,3954639104,2
35240463,Mendie,Smees,History,10,M,1611135205,6
35252576,Tamera,McLarnon,Art,20,F,3621424586,5
35264689,Nikolaus,Quimby,History,2,M,3767018554,3
35276802,Lee,Fussey,Chemistry,30,M,5839034116,6
35288915,Doti,Alebrooke,Biology,11,F,2199245412,1
35301028,Finlay,Herrieven,English,56,M,5242387690,2
35313141,Clevey,De Roos,Literature,44,M,2996378532,4
35325254,Willard,Nealey,Hebrew,57,M,1854621569,4
35337367,Halie,Leethem,English,62,F,4636550131,6
35349480,Andros,Heyworth,Art,14,M,6744732521,1
35361593,Dorolisa,Chesnut,Biology,33,F,3713091012,6
35373706,Moss,Rouby,English,2,M,3374948845,6
35385819,Christopher,L'Episcopio,Math,15,M,8865278418,6
35397932,Guillermo,Petraitis,English,1,M,3847773317,4
35410045,Otto,Cordero,History,41,M,7208483038,4
35422158,Duncan,Bedo,History,60,M,5167154822,6
35434271,Maura,Ikin,Literature,8,F,6435449075,3
35446384,Danita,Fernan,Art,43,F,3358480320,2
35458497,Katya,Messer,Physics,13,F,7377471106,1
35470610,Natala,Whisby,Math,66,F,5209071782,2
35482723,Tabatha,Tolmie,English,25,F,3064382639,1
35494836,Alyss,Cunniffe,Chemistry,22,F,9981958080,5
35506949,Flossy,Tift,Literature,44,F,2216219321,5
35519062,Yank,Schaumann,Physics,31,M,3908378902,5
35531175,Alvie,Ambroziak,Arabic,63,M,5344074099,2
35543288,Ned,Loffhead,Chemistry,8,M,9027026834,1
35555401,Dorita,Parkhouse,History,40,F,1255013897,2
35567514,Laura,Swatland,English,20,F,4269286085,1
35579627,Laird,Sidey,Math,66,M,3581222850,5
35591740,Kinny,Sansome,English,45,M,6964619952,2
35603853,Opaline,Peskin,Arabic,25,F,8708615286,3
35615966,Esta,Langcastle,Computer Science,18,F,7749432864,5
35628079,Abbie,Gland,Computer Science,25,M,4482107373,2
35640192,Red,Enrich,History,23,M,6764391201,5
35652305,Loria,Lomond,Math,52,F,8945944663,6
35664418,Sterne,Saunder,Computer Science,40,M,3727284444,2
35676531,Dael,Bortolotti,English,18,M,1371342224,4
35688644,Sofia,Milby,Art,55,F,9496932087,3
35700757,Terrance,Wilkison,Chemistry,50,M,6048837338,2
35712870,Anastassia,Goulding,Chemistry,39,F,8632057894,6
35724983,Alf,Bird,Art,1,M,2911544390,3
35737096,Val,Havvock,Biology,39,M,7451099256,6
35749209,Alisha,Pinder,Literature,18,F,5612377586,3
35761322,Pietra,MacCallion,English,39,F,8081327113,5
35773435,Lothaire,Jaulme,Hebrew,52,M,6476581485,1
35785548,Aloin,Pluthero,Chemistry,52,M,3788348231,3
35797661,Karlik,Lamb-shine,English,8,M,1336688428,1
35809774,Ricky,Marsie,Chemistry,60,M,2535229606,5
35821887,Micheline,Gors,Art,24,F,4981796798,6
35834000,Merle,Blower,Chemistry,69,M,1574890009,1
35846113,Marita,Pawel,Physics,5,F,7553305800,1
35858226,Bel,Aronstein,Computer Science,39,F,7022282496,6
35870339,Elijah,Finnemore,Hebrew,33,M,4647327452,5
35882452,Robinia,Dei,English,68,F,1287183809,5
35894565,Caesar,Stern,Computer Science,18,M,2838550006,3
35906678,Evonne,Leele,Computer Science,50,F,5521972875,3
35918791,Agathe,Hurlin,Physics,3,F,4663720340,1
35930904,Jori,Aers,Literature,39,F,8956385377,1
35943017,Brennan,Suffield,History,54,M,6642278357,4
35955130,Thorpe,Aitken,Math,21,M,8554970128,6
35967243,Casie,Freer,Chemistry,33,F,3051624965,6
35979356,Zea,Getty,Biology,70,F,8399853139,1
35991469,Ludovika,Ilyukhov,Physics,66,F,5245277978,1
36003582,Rafferty,Newbery,Literature,57,M,8815293419,2
36015695,Bernete,Bodley,Hebrew,16,F,3671566933,1
36027808,Cthrine,Shillum,Math,29,F,8841506486,3
36039921,Mel,Coudray,Art,68,M,3381506989,4
36052034,Knox,Jull,Literature,66,M,3071492870,6
36064147,Wilfrid,Kemsley,English,5,M,8217179574,6
36076260,Kippar,Simko,Chemistry,17,M,4562257086,5
36088373,Grace,Prodrick,Computer Science,38,F,5487189197,6
36100486,Max,Oneile,Computer Science,33,M,5194872366,4
36112599,Heather,Tyndall,English,64,F,9861458142,6
36124712,Creighton,Thirst,Math,21,M,8397600586,2
36136825,Ainslee,Wilbor,English,51,F,6163101348,6
36148938,Blaine,Haggus,Physics,39,M,1579999305,1
36161051,Paola,Dockray,Biology,22,F,4023967071,3
36173164,Alex,Darycott,Hebrew,20,M,9632174500,1
36185277,Wendell,Wyatt,Physics,67,M,1537928017,6
36197390,Bern,Rosenboim,Literature,56,M,8423363857,5
36209503,L;urette,Djurdjevic,Hebrew,19,F,1428751524,6
36221616,Elka,Latter,Art,65,F,4359726686,6
36233729,Jenn,Gavan,Literature,15,F,8188102414,2
36245842,Eve,Richemond,Hebrew,15,F,3808730882,1
36257955,Charissa,Maffi,History,55,F,3556297973,1
36270068,Rivkah,Ivanyutin,Art,45,F,5144134853,4
36282181,Dud,Papierz,History,23,M,4774903401,4
36294294,Vanya,Pulham,Hebrew,1,F,2187244250,4
36306407,Richard,Treneman,Math,62,M,3824628813,2
36318520,Vernice,Cundey,English,49,F,1176345838,2
36330633,Alexio,Wayland,Biology,13,M,4208487544,4
36342746,Merilyn,Hackworth,Chemistry,64,F,9316018693,3
36354859,Debora,Bras,History,9,F,4087760357,2
36366972,Paige,Patridge,Math,30,M,5045834098,1
36379085,Standford,Fradgley,Computer Science,4,M,2273899723,5
36391198,Belita,Whyman,Computer Science,43,F,8013046306,6
36403311,Gary,Corby,Chemistry,57,M,5787911991,5
36415424,Amber,Kayzer,Hebrew,11,F,1535937845,2
36427537,Storm,McAuliffe,Math,52,F,1041824523,3
36439650,Toby,Howle,Physics,59,M,5029590534,1
36451763,Victoir,McBlain,Biology,58,M,6648767591,5
36463876,Verla,Shapira,Chemistry,5,F,1638118562,3
36475989,Eustacia,Outhwaite,Math,31,F,9364938773,6
36488102,Andreas,Blewmen,Physics,14,M,1871157342,1
36500215,Marcy,Mattessen,Chemistry,41,F,4412959011,5
36512328,Abramo,Prandin,Literature,54,M,9042119709,6
36524441,Roley,Vickers,Physics,65,M,4235188054,6
36536554,Bernette,Ranken,Math,26,F,5807597445,5
36548667,Patsy,Scrine,English,63,M,6881164305,6
36560780,Christoforo,Chander,Physics,10,M,6743450262,4
36572893,Shari,Newall,Chemistry,39,F,8893991834,1
36585006,Morganica,Tant,Biology,32,F,4021487882,4
36597119,Fabian,Bolderstone,Physics,2,M,3177426052,5
36609232,Dorey,McIlharga,Literature,47,F,5455541205,4
36621345,Timotheus,Crews,History,67,M,5425038185,6
36633458,Marlena,Nordass,Computer Science,5,F,8753625739,1
36645571,Clim,Blemings,Chemistry,23,M,5725965202,3
36657684,Ario,Bick,Biology,36,M,3474291498,6
36669797,Bekki,Bumby,Computer Science,19,F,2429728611,1
36681910,Darelle,Lucks,Chemistry,8,F,3028130843,2
36694023,Beverley,Tunnicliffe,Art,10,F,5395633039,3
36706136,Marissa,Waymont,Art,54,F,7979450740,3
36718249,Nap,Gadman,Physics,15,M,4143471493,1
36730362,Mabelle,Muzzini,Physics,67,F,2175482271,1
36742475,Biddie,Akred,Math,28,F,4707957818,5
36754588,Araldo,Dysart,Art,58,M,8873832164,4
36766701,Gianna,Georg,Math,64,F,7058507864,4
36778814,Chucho,Briiginshaw,History,21,M,6489865172,5
36790927,Morlee,Stidson,Art,57,M,1892911249,5
36803040,Lanie,Arnoldi,Literature,46,F,1195524560,5
36815153,Editha,Absolon,Biology,58,F,2593944703,6
36827266,Lucio,Hubber,Computer Science,50,M,1479165120,1
36839379,Tallie,Valde,Hebrew,58,F,7375600654,6
36851492,Sybil,Been,Biology,38,F,4985831756,1
36863605,Winfield,Greggersen,Hebrew,48,M,2445861645,4
36875718,Vic,Parcell,Math,68,M,5105955836,1
36887831,Pablo,Medcraft,English,30,M,7722713134,3
36899944,Ali,Devany,Literature,53,F,4484493580,2
36912057,Camel,Stredwick,Arabic,62,F,6053024815,5
36924170,Royce,Willbond,Literature,41,M,7366235128,1
36936283,Bond,Mcimmie,Computer Science,25,M,5675046266,4
36948396,Nelie,Oloshkin,English,60,F,4151565320,2
36960509,Consalve,Peyzer,Arabic,28,M,3886348093,1
36972622,Raul,Keener,History,36,M,2291924209,2
36984735,Faulkner,Georgeou,Physics,62,M,1175290745,4
36996848,Idalia,Bigglestone,Literature,44,F,1339315778,3
37008961,Billye,Linzey,Art,54,F,7544333636,5
37021074,Anselm,Lownds,Chemistry,54,M,9382891830,1
37033187,Marnia,Thraves,History,47,F,1855964411,6
